EmployeeID,Name,Department,Salary,Super_ssn,ManagerID
101,John Doe,HR,60000,,
102,Jane Smith,IT,70000,101,101
103,Robert Johnson,IT,75000,101,101
104,Lisa Williams,Finance,62000,,
105,Michael Brown,Finance,65000,,
106,Susan Lee,HR,62000,,
107,David Clark,IT,72000,103
108,Mary Anderson,Finance,63000,104
109,James Wilson,HR,58000,106
110,Linda Harris,Finance,66000,105
111,Emily Johnson,Marketing,55000,,
112,William Smith,IT,70000,113,113
113,Sophia Anderson,IT,75000,,
114,Olivia White,Finance,62000,,
115,James Jackson,HR,65000,,
116,Charlotte Lewis,HR,60000,115
117,Noah Harris,Finance,64000,114
118,Abigail Wilson,IT,71000,113
119,Aiden Brown,Marketing,54000,,
120,Harper Davis,Finance,63000,,
121,Ethan Miller,IT,72000,113
122,Mia Moore,HR,62000,115
123,Liam Johnson,Marketing,55000,,
124,Sophia Smith,Finance,65000,,
125,Oliver Anderson,HR,66000,,
126,Isabella Jones,Marketing,56000,,
127,Lucas Wilson,IT,70000,113
128,Emma Hall,Finance,62000,,
129,Alexander Clark,HR,64000,115
130,Grace Martin,IT,71000,113
